Measurement number,Cluster number,Indices number,X-coordinate [mm],Y-coordinate [mm],Z-coordinate [mm],Row number,Column number,Slice number,Absolute X-coordinate [mm],Absolute Y-coordinate [mm],Absolute Z-coordinate [mm]
1,1,1,0,0,0.0,1,1,1,-62.7,-60.74,-155.528
2,1,2,0,0,0.5,1,1,2,-62.7,-60.74,-155.028
3,1,3,0,0,1.0,1,1,3,-62.7,-60.74,-154.528
4,1,4,0,0,1.5,1,1,4,-62.7,-60.74,-154.028
5,1,5,0,0,2.0,1,1,5,-62.7,-60.74,-153.528
6,1,6,0,0,2.5,1,1,6,-62.7,-60.74,-153.028
7,1,7,0,0,3.0,1,1,7,-62.7,-60.74,-152.528
8,1,8,0,0,3.5,1,1,8,-62.7,-60.74,-152.028
9,1,9,0,0,4.0,1,1,9,-62.7,-60.74,-151.528
10,1,10,0,0,4.5,1,1,10,-62.7,-60.74,-151.028
11,1,11,0,0,5.0,1,1,11,-62.7,-60.74,-150.528
12,1,12,0,0,5.5,1,1,12,-62.7,-60.74,-150.028
13,1,13,0,0,6.0,1,1,13,-62.7,-60.74,-149.528
14,1,14,0,0,6.5,1,1,14,-62.7,-60.74,-149.028
15,1,15,0,0,7.0,1,1,15,-62.7,-60.74,-148.528
16,1,16,0,0,7.5,1,1,16,-62.7,-60.74,-148.028
17,1,17,0,0,8.0,1,1,17,-62.7,-60.74,-147.528
18,1,18,0,0,8.5,1,1,18,-62.7,-60.74,-147.028
19,1,19,0,0,9.0,1,1,19,-62.7,-60.74,-146.528
20,1,20,0,0,9.5,1,1,20,-62.7,-60.74,-146.028
21,1,21,0,0,10.0,1,1,21,-62.7,-60.74,-145.528
22,1,22,0,0,10.5,1,1,22,-62.7,-60.74,-145.028
23,1,23,0,0,11.0,1,1,23,-62.7,-60.74,-144.528
24,1,24,0,0,11.5,1,1,24,-62.7,-60.74,-144.028
25,1,25,0,0,12.0,1,1,25,-62.7,-60.74,-143.528
26,1,26,0,0,12.5,1,1,26,-62.7,-60.74,-143.028
27,1,27,0,0,13.0,1,1,27,-62.7,-60.74,-142.528
28,1,28,0,0,13.5,1,1,28,-62.7,-60.74,-142.028
29,1,29,0,0,14.0,1,1,29,-62.7,-60.74,-141.528
30,1,30,0,0,14.5,1,1,30,-62.7,-60.74,-141.028
31,1,31,0,0,15.0,1,1,31,-62.7,-60.74,-140.528
32,1,32,0,0,15.5,1,1,32,-62.7,-60.74,-140.028
33,1,33,0,0,16.0,1,1,33,-62.7,-60.74,-139.528
34,1,34,0,0,16.5,1,1,34,-62.7,-60.74,-139.028
35,1,35,0,0,17.0,1,1,35,-62.7,-60.74,-138.528
36,1,36,0,0,17.5,1,1,36,-62.7,-60.74,-138.028
37,1,37,0,0,18.0,1,1,37,-62.7,-60.74,-137.528
38,1,38,0,0,18.5,1,1,38,-62.7,-60.74,-137.028
39,1,39,0,0,19.0,1,1,39,-62.7,-60.74,-136.528
40,1,40,0,0,19.5,1,1,40,-62.7,-60.74,-136.028
41,1,41,0,0,20.0,1,1,41,-62.7,-60.74,-135.528
42,1,42,0,0,20.5,1,1,42,-62.7,-60.74,-135.028
43,1,43,0,0,21.0,1,1,43,-62.7,-60.74,-134.528
44,1,44,0,0,21.5,1,1,44,-62.7,-60.74,-134.028
45,1,45,0,0,22.0,1,1,45,-62.7,-60.74,-133.528
46,1,46,0,0,22.5,1,1,46,-62.7,-60.74,-133.028
47,1,47,0,0,23.0,1,1,47,-62.7,-60.74,-132.528
48,1,48,0,0,23.5,1,1,48,-62.7,-60.74,-132.028
49,1,49,0,0,24.0,1,1,49,-62.7,-60.74,-131.528
50,1,50,0,0,24.5,1,1,50,-62.7,-60.74,-131.028
51,1,51,0,0,25.0,1,1,51,-62.7,-60.74,-130.528
52,1,52,0,0,25.5,1,1,52,-62.7,-60.74,-130.028
53,1,53,0,0,26.0,1,1,53,-62.7,-60.74,-129.528
54,1,54,0,0,26.5,1,1,54,-62.7,-60.74,-129.028
55,1,55,0,0,27.0,1,1,55,-62.7,-60.74,-128.528
56,1,56,0,0,27.5,1,1,56,-62.7,-60.74,-128.028
57,1,57,0,0,28.0,1,1,57,-62.7,-60.74,-127.528
58,1,58,0,0,28.5,1,1,58,-62.7,-60.74,-127.028
59,1,59,0,0,29.0,1,1,59,-62.7,-60.74,-126.528
60,1,60,0,0,29.5,1,1,60,-62.7,-60.74,-126.028
61,1,61,0,0,30.0,1,1,61,-62.7,-60.74,-125.528
62,1,62,0,0,30.5,1,1,62,-62.7,-60.74,-125.028
63,1,63,0,0,31.0,1,1,63,-62.7,-60.74,-124.528
64,1,64,0,0,31.5,1,1,64,-62.7,-60.74,-124.028
65,1,65,0,0,32.0,1,1,65,-62.7,-60.74,-123.528
66,1,66,0,0,32.5,1,1,66,-62.7,-60.74,-123.028
67,1,67,0,0,33.0,1,1,67,-62.7,-60.74,-122.528
68,1,68,0,0,33.5,1,1,68,-62.7,-60.74,-122.028
69,1,69,0,0,34.0,1,1,69,-62.7,-60.74,-121.528
70,1,70,0,0,34.5,1,1,70,-62.7,-60.74,-121.028
71,1,71,0,0,35.0,1,1,71,-62.7,-60.74,-120.528
72,1,72,0,0,35.5,1,1,72,-62.7,-60.74,-120.028
73,1,73,0,0,36.0,1,1,73,-62.7,-60.74,-119.528
74,1,74,0,0,36.5,1,1,74,-62.7,-60.74,-119.028
75,1,75,0,0,37.0,1,1,75,-62.7,-60.74,-118.528
76,1,76,0,0,37.5,1,1,76,-62.7,-60.74,-118.028
77,1,77,0,0,38.0,1,1,77,-62.7,-60.74,-117.528
78,1,78,0,0,38.5,1,1,78,-62.7,-60.74,-117.028
79,1,79,0,0,39.0,1,1,79,-62.7,-60.74,-116.528
80,1,80,0,0,39.5,1,1,80,-62.7,-60.74,-116.028
81,1,81,0,0,40.0,1,1,81,-62.7,-60.74,-115.528
82,1,82,0,0,40.5,1,1,82,-62.7,-60.74,-115.028
83,1,83,0,0,41.0,1,1,83,-62.7,-60.74,-114.528
84,1,84,0,0,41.5,1,1,84,-62.7,-60.74,-114.028
85,1,85,0,0,42.0,1,1,85,-62.7,-60.74,-113.528
86,1,86,0,0,42.5,1,1,86,-62.7,-60.74,-113.028
87,1,87,0,0,43.0,1,1,87,-62.7,-60.74,-112.528
88,1,88,0,0,43.5,1,1,88,-62.7,-60.74,-112.028
89,1,89,0,0,44.0,1,1,89,-62.7,-60.74,-111.528
90,1,90,0,0,44.5,1,1,90,-62.7,-60.74,-111.028
91,1,91,0,0,45.0,1,1,91,-62.7,-60.74,-110.528
92,1,92,0,0,45.5,1,1,92,-62.7,-60.74,-110.028
93,1,93,0,0,46.0,1,1,93,-62.7,-60.74,-109.528
94,1,94,0,0,46.5,1,1,94,-62.7,-60.74,-109.028
95,1,95,0,0,47.0,1,1,95,-62.7,-60.74,-108.528
96,1,96,0,0,47.5,1,1,96,-62.7,-60.74,-108.028
97,1,97,0,0,48.0,1,1,97,-62.7,-60.74,-107.528
98,1,98,0,0,48.5,1,1,98,-62.7,-60.74,-107.028
99,1,99,0,0,49.0,1,1,99,-62.7,-60.74,-106.528
100,1,100,0,0,49.5,1,1,100,-62.7,-60.74,-106.028
101,1,101,0,0,50.0,1,1,101,-62.7,-60.74,-105.528
102,1,102,0,0,50.5,1,1,102,-62.7,-60.74,-105.028
103,1,103,0,0,51.0,1,1,103,-62.7,-60.74,-104.528
104,1,104,0,0,51.5,1,1,104,-62.7,-60.74,-104.028
105,1,105,0,0,52.0,1,1,105,-62.7,-60.74,-103.528
106,1,106,0,0,52.5,1,1,106,-62.7,-60.74,-103.028
107,1,107,0,0,53.0,1,1,107,-62.7,-60.74,-102.528
108,1,108,0,0,53.5,1,1,108,-62.7,-60.74,-102.028
109,1,109,0,0,54.0,1,1,109,-62.7,-60.74,-101.528
110,1,110,0,0,54.5,1,1,110,-62.7,-60.74,-101.028
111,1,111,0,0,55.0,1,1,111,-62.7,-60.74,-100.528
112,1,112,0,0,55.5,1,1,112,-62.7,-60.74,-100.028
113,1,113,0,0,56.0,1,1,113,-62.7,-60.74,-99.528
114,1,114,0,0,56.5,1,1,114,-62.7,-60.74,-99.028
115,1,115,0,0,57.0,1,1,115,-62.7,-60.74,-98.528
116,1,116,0,0,57.5,1,1,116,-62.7,-60.74,-98.028
117,1,117,0,0,58.0,1,1,117,-62.7,-60.74,-97.528
118,1,118,0,0,58.5,1,1,118,-62.7,-60.74,-97.028
119,1,119,0,0,59.0,1,1,119,-62.7,-60.74,-96.528
120,1,120,0,0,59.5,1,1,120,-62.7,-60.74,-96.028
121,1,121,0,0,60.0,1,1,121,-62.7,-60.74,-95.528
122,1,122,0,0,60.5,1,1,122,-62.7,-60.74,-95.028
123,1,123,0,0,61.0,1,1,123,-62.7,-60.74,-94.528
124,1,124,0,0,61.5,1,1,124,-62.7,-60.74,-94.028
125,1,125,0,0,62.0,1,1,125,-62.7,-60.74,-93.528
126,1,126,0,0,62.5,1,1,126,-62.7,-60.74,-93.028
127,1,127,0,0,63.0,1,1,127,-62.7,-60.74,-92.528
128,1,128,0,0,63.5,1,1,128,-62.7,-60.74,-92.028
129,1,129,0,0,64.0,1,1,129,-62.7,-60.74,-91.528
130,1,130,0,0,64.5,1,1,130,-62.7,-60.74,-91.028
131,1,131,0,0,65.0,1,1,131,-62.7,-60.74,-90.528
132,1,132,0,0,65.5,1,1,132,-62.7,-60.74,-90.028
133,1,133,0,0,66.0,1,1,133,-62.7,-60.74,-89.528
134,1,134,0,0,66.5,1,1,134,-62.7,-60.74,-89.028
135,1,135,0,0,67.0,1,1,135,-62.7,-60.74,-88.528
136,1,136,0,0,67.5,1,1,136,-62.7,-60.74,-88.028
137,1,137,0,0,68.0,1,1,137,-62.7,-60.74,-87.528
138,1,138,0,0,68.5,1,1,138,-62.7,-60.74,-87.028
139,1,139,0,0,69.0,1,1,139,-62.7,-60.74,-86.528
140,1,140,0,0,69.5,1,1,140,-62.7,-60.74,-86.028
141,1,141,0,0,70.0,1,1,141,-62.7,-60.74,-85.528
142,1,142,0,0,70.5,1,1,142,-62.7,-60.74,-85.028
143,1,143,0,0,71.0,1,1,143,-62.7,-60.74,-84.528
144,1,144,0,0,71.5,1,1,144,-62.7,-60.74,-84.028
145,1,145,0,0,72.0,1,1,145,-62.7,-60.74,-83.528
146,1,146,0,0,72.5,1,1,146,-62.7,-60.74,-83.028
147,1,147,0,0,73.0,1,1,147,-62.7,-60.74,-82.528
148,1,148,0,0,73.5,1,1,148,-62.7,-60.74,-82.028
149,1,149,0,0,74.0,1,1,149,-62.7,-60.74,-81.528
150,1,150,0,0,74.5,1,1,150,-62.7,-60.74,-81.028
151,1,151,0,0,75.0,1,1,151,-62.7,-60.74,-80.528
152,1,152,0,0,75.5,1,1,152,-62.7,-60.74,-80.028
153,1,153,0,0,76.0,1,1,153,-62.7,-60.74,-79.528
154,1,154,0,0,76.5,1,1,154,-62.7,-60.74,-79.028
155,1,155,0,0,77.0,1,1,155,-62.7,-60.74,-78.528
156,1,156,0,0,77.5,1,1,156,-62.7,-60.74,-78.028
157,1,157,0,0,78.0,1,1,157,-62.7,-60.74,-77.528
158,1,158,0,0,78.5,1,1,158,-62.7,-60.74,-77.028
159,1,159,0,0,79.0,1,1,159,-62.7,-60.74,-76.528
160,1,160,0,0,79.5,1,1,160,-62.7,-60.74,-76.028
161,1,161,0,0,80.0,1,1,161,-62.7,-60.74,-75.528
162,1,162,0,0,80.5,1,1,162,-62.7,-60.74,-75.028
163,1,163,0,0,81.0,1,1,163,-62.7,-60.74,-74.528
164,1,164,0,0,81.5,1,1,164,-62.7,-60.74,-74.028
165,1,165,0,0,82.0,1,1,165,-62.7,-60.74,-73.528
166,1,166,0,0,82.5,1,1,166,-62.7,-60.74,-73.028
167,1,167,0,0,83.0,1,1,167,-62.7,-60.74,-72.528
168,1,168,0,0,83.5,1,1,168,-62.7,-60.74,-72.028
169,1,169,0,0,84.0,1,1,169,-62.7,-60.74,-71.528
170,1,170,0,0,84.5,1,1,170,-62.7,-60.74,-71.028
171,1,171,0,0,85.0,1,1,171,-62.7,-60.74,-70.528
172,1,172,0,0,85.5,1,1,172,-62.7,-60.74,-70.028
173,1,173,0,0,86.0,1,1,173,-62.7,-60.74,-69.528
174,1,174,0,0,86.5,1,1,174,-62.7,-60.74,-69.028
175,1,175,0,0,87.0,1,1,175,-62.7,-60.74,-68.528
176,1,176,0,0,87.5,1,1,176,-62.7,-60.74,-68.028
177,1,177,0,0,88.0,1,1,177,-62.7,-60.74,-67.528
178,1,178,0,0,88.5,1,1,178,-62.7,-60.74,-67.028
179,1,179,0,0,89.0,1,1,179,-62.7,-60.74,-66.528
180,1,180,0,0,89.5,1,1,180,-62.7,-60.74,-66.028
181,1,181,0,0,90.0,1,1,181,-62.7,-60.74,-65.528
182,1,182,0,0,90.5,1,1,182,-62.7,-60.74,-65.028
183,1,183,0,0,91.0,1,1,183,-62.7,-60.74,-64.528
184,1,184,0,0,91.5,1,1,184,-62.7,-60.74,-64.028
185,1,185,0,0,92.0,1,1,185,-62.7,-60.74,-63.528
186,1,186,0,0,92.5,1,1,186,-62.7,-60.74,-63.028
187,1,187,0,0,93.0,1,1,187,-62.7,-60.74,-62.528
188,1,188,0,0,93.5,1,1,188,-62.7,-60.74,-62.028
189,1,189,0,0,94.0,1,1,189,-62.7,-60.74,-61.528
190,1,190,0,0,94.5,1,1,190,-62.7,-60.74,-61.028
191,1,191,0,0,95.0,1,1,191,-62.7,-60.74,-60.528
192,1,192,0,0,95.5,1,1,192,-62.7,-60.74,-60.028
193,1,193,0,0,96.0,1,1,193,-62.7,-60.74,-59.528
194,1,194,0,0,96.5,1,1,194,-62.7,-60.74,-59.028
195,1,195,0,0,97.0,1,1,195,-62.7,-60.74,-58.528
196,1,196,0,0,97.5,1,1,196,-62.7,-60.74,-58.028
197,1,197,0,0,98.0,1,1,197,-62.7,-60.74,-57.528
198,1,198,0,0,98.5,1,1,198,-62.7,-60.74,-57.028
199,1,199,0,0,99.0,1,1,199,-62.7,-60.74,-56.528
200,1,200,0,0,99.5,1,1,200,-62.7,-60.74,-56.028
201,1,201,0,0,100.0,1,1,201,-62.7,-60.74,-55.528
202,1,202,0,0,100.5,1,1,202,-62.7,-60.74,-55.028
203,1,203,0,0,101.0,1,1,203,-62.7,-60.74,-54.528
204,1,204,0,0,101.5,1,1,204,-62.7,-60.74,-54.028
205,1,205,0,0,102.0,1,1,205,-62.7,-60.74,-53.528
206,1,206,0,0,102.5,1,1,206,-62.7,-60.74,-53.028
207,1,207,0,0,103.0,1,1,207,-62.7,-60.74,-52.528
208,1,208,0,0,103.5,1,1,208,-62.7,-60.74,-52.028
209,1,209,0,0,104.0,1,1,209,-62.7,-60.74,-51.528
210,1,210,0,0,104.5,1,1,210,-62.7,-60.74,-51.028
211,1,211,0,0,105.0,1,1,211,-62.7,-60.74,-50.528
212,1,212,0,0,105.5,1,1,212,-62.7,-60.74,-50.028
213,1,213,0,0,106.0,1,1,213,-62.7,-60.74,-49.528
214,1,214,0,0,106.5,1,1,214,-62.7,-60.74,-49.028
215,1,215,0,0,107.0,1,1,215,-62.7,-60.74,-48.528
216,1,216,0,0,107.5,1,1,216,-62.7,-60.74,-48.028
217,1,217,0,0,108.0,1,1,217,-62.7,-60.74,-47.528
218,1,218,0,0,108.5,1,1,218,-62.7,-60.74,-47.028
219,1,219,0,0,109.0,1,1,219,-62.7,-60.74,-46.528
220,1,220,0,0,109.5,1,1,220,-62.7,-60.74,-46.028
221,1,221,0,0,110.0,1,1,221,-62.7,-60.74,-45.528
222,1,222,0,0,110.5,1,1,222,-62.7,-60.74,-45.028
223,1,223,0,0,111.0,1,1,223,-62.7,-60.74,-44.528
224,1,224,0,0,111.5,1,1,224,-62.7,-60.74,-44.028
225,1,225,0,0,112.0,1,1,225,-62.7,-60.74,-43.528
226,1,226,0,0,112.5,1,1,226,-62.7,-60.74,-43.028
227,1,227,0,0,113.0,1,1,227,-62.7,-60.74,-42.528
228,1,228,0,0,113.5,1,1,228,-62.7,-60.74,-42.028
229,1,229,0,0,114.0,1,1,229,-62.7,-60.74,-41.528
230,1,230,0,0,114.5,1,1,230,-62.7,-60.74,-41.028
231,1,231,0,0,115.0,1,1,231,-62.7,-60.74,-40.528
232,1,232,0,0,115.5,1,1,232,-62.7,-60.74,-40.028
233,1,233,0,0,116.0,1,1,233,-62.7,-60.74,-39.528
234,1,234,0,0,116.5,1,1,234,-62.7,-60.74,-39.028
235,1,235,0,0,117.0,1,1,235,-62.7,-60.74,-38.528
236,1,236,0,0,117.5,1,1,236,-62.7,-60.74,-38.028
237,1,237,0,0,118.0,1,1,237,-62.7,-60.74,-37.528
238,1,238,0,0,118.5,1,1,238,-62.7,-60.74,-37.028
239,1,239,0,0,119.0,1,1,239,-62.7,-60.74,-36.528
240,1,240,0,0,119.5,1,1,240,-62.7,-60.74,-36.028
241,1,241,0,0,120.0,1,1,241,-62.7,-60.74,-35.528
242,1,242,0,0,120.5,1,1,242,-62.7,-60.74,-35.028
243,1,243,0,0,121.0,1,1,243,-62.7,-60.74,-34.528
244,1,244,0,0,121.5,1,1,244,-62.7,-60.74,-34.028
245,1,245,0,0,122.0,1,1,245,-62.7,-60.74,-33.528
246,1,246,0,0,122.5,1,1,246,-62.7,-60.74,-33.028
247,1,247,0,0,123.0,1,1,247,-62.7,-60.74,-32.528
248,1,248,0,0,123.5,1,1,248,-62.7,-60.74,-32.028
249,1,249,0,0,124.0,1,1,249,-62.7,-60.74,-31.528
250,1,250,0,0,124.5,1,1,250,-62.7,-60.74,-31.028
251,1,251,0,0,125.0,1,1,251,-62.7,-60.74,-30.528
252,1,252,0,0,125.5,1,1,252,-62.7,-60.74,-30.028
253,1,253,0,0,126.0,1,1,253,-62.7,-60.74,-29.528
254,1,254,0,0,126.5,1,1,254,-62.7,-60.74,-29.028
255,1,255,0,0,127.0,1,1,255,-62.7,-60.74,-28.528
256,1,256,0,0,127.5,1,1,256,-62.7,-60.74,-28.028
257,1,257,0,0,128.0,1,1,257,-62.7,-60.74,-27.528
258,1,258,0,0,128.5,1,1,258,-62.7,-60.74,-27.028
259,1,259,0,0,129.0,1,1,259,-62.7,-60.74,-26.528
260,1,260,0,0,129.5,1,1,260,-62.7,-60.74,-26.028
261,1,261,0,0,130.0,1,1,261,-62.7,-60.74,-25.528
262,1,262,0,0,130.5,1,1,262,-62.7,-60.74,-25.028
263,1,263,0,0,131.0,1,1,263,-62.7,-60.74,-24.528
264,1,264,0,0,131.5,1,1,264,-62.7,-60.74,-24.028
265,1,265,0,0,132.0,1,1,265,-62.7,-60.74,-23.528
266,1,266,0,0,132.5,1,1,266,-62.7,-60.74,-23.028
267,1,267,0,0,133.0,1,1,267,-62.7,-60.74,-22.528
268,1,268,0,0,133.5,1,1,268,-62.7,-60.74,-22.028
269,1,269,0,0,134.0,1,1,269,-62.7,-60.74,-21.528
270,1,270,0,0,134.5,1,1,270,-62.7,-60.74,-21.028
271,1,271,0,0,135.0,1,1,271,-62.7,-60.74,-20.528
272,1,272,0,0,135.5,1,1,272,-62.7,-60.74,-20.028
273,1,273,0,0,136.0,1,1,273,-62.7,-60.74,-19.528
274,1,274,0,0,136.5,1,1,274,-62.7,-60.74,-19.028
275,1,275,0,0,137.0,1,1,275,-62.7,-60.74,-18.528
276,1,276,0,0,137.5,1,1,276,-62.7,-60.74,-18.028
277,1,277,0,0,138.0,1,1,277,-62.7,-60.74,-17.528
278,1,278,0,0,138.5,1,1,278,-62.7,-60.74,-17.028
279,1,279,0,0,139.0,1,1,279,-62.7,-60.74,-16.528
280,1,280,0,0,139.5,1,1,280,-62.7,-60.74,-16.028
281,1,281,0,0,140.0,1,1,281,-62.7,-60.74,-15.528
