Measurement number,Cluster number,Indices number,X-coordinate [mm],Y-coordinate [mm],Z-coordinate [mm],Row number,Column number,Slice number
1,1,1,-15,-15,40.4,1,1,1
2,1,2,-15,-14,40.4,2,1,1
3,1,3,-15,-13,40.4,3,1,1
4,1,4,-15,-12,40.4,4,1,1
5,1,5,-15,-11,40.4,5,1,1
6,1,6,-15,-10,40.4,6,1,1
7,1,7,-15,-9,40.4,7,1,1
8,1,8,-15,-8,40.4,8,1,1
9,1,9,-15,-7,40.4,9,1,1
10,1,10,-15,-6,40.4,10,1,1
11,1,11,-15,-5,40.4,11,1,1
12,1,12,-15,-4,40.4,12,1,1
13,1,13,-15,-3,40.4,13,1,1
14,1,14,-15,-2,40.4,14,1,1
15,1,15,-15,-1,40.4,15,1,1
16,1,16,-15,0,40.4,16,1,1
17,1,17,-15,1,40.4,17,1,1
18,1,18,-15,2,40.4,18,1,1
19,1,19,-15,3,40.4,19,1,1
20,1,20,-15,4,40.4,20,1,1
21,1,21,-15,5,40.4,21,1,1
22,1,22,-15,6,40.4,22,1,1
23,1,23,-15,7,40.4,23,1,1
24,1,24,-15,8,40.4,24,1,1
25,1,25,-15,9,40.4,25,1,1
26,1,26,-15,10,40.4,26,1,1
27,1,27,-15,11,40.4,27,1,1
28,1,28,-15,12,40.4,28,1,1
29,1,29,-15,13,40.4,29,1,1
30,1,30,-15,14,40.4,30,1,1
31,1,31,-15,15,40.4,31,1,1
32,1,32,-14,-15,40.4,1,2,1
33,1,33,-14,-14,40.4,2,2,1
34,1,34,-14,-13,40.4,3,2,1
35,1,35,-14,-12,40.4,4,2,1
36,1,36,-14,-11,40.4,5,2,1
37,1,37,-14,-10,40.4,6,2,1
38,1,38,-14,-9,40.4,7,2,1
39,1,39,-14,-8,40.4,8,2,1
40,1,40,-14,-7,40.4,9,2,1
41,1,41,-14,-6,40.4,10,2,1
42,1,42,-14,-5,40.4,11,2,1
43,1,43,-14,-4,40.4,12,2,1
44,1,44,-14,-3,40.4,13,2,1
45,1,45,-14,-2,40.4,14,2,1
46,1,46,-14,-1,40.4,15,2,1
47,1,47,-14,0,40.4,16,2,1
48,1,48,-14,1,40.4,17,2,1
49,1,49,-14,2,40.4,18,2,1
50,1,50,-14,3,40.4,19,2,1
51,1,51,-14,4,40.4,20,2,1
52,1,52,-14,5,40.4,21,2,1
53,1,53,-14,6,40.4,22,2,1
54,1,54,-14,7,40.4,23,2,1
55,1,55,-14,8,40.4,24,2,1
56,1,56,-14,9,40.4,25,2,1
57,1,57,-14,10,40.4,26,2,1
58,1,58,-14,11,40.4,27,2,1
59,1,59,-14,12,40.4,28,2,1
60,1,60,-14,13,40.4,29,2,1
61,1,61,-14,14,40.4,30,2,1
62,1,62,-14,15,40.4,31,2,1
63,1,63,-13,-15,40.4,1,3,1
64,1,64,-13,-14,40.4,2,3,1
65,1,65,-13,-13,40.4,3,3,1
66,1,66,-13,-12,40.4,4,3,1
67,1,67,-13,-11,40.4,5,3,1
68,1,68,-13,-10,40.4,6,3,1
69,1,69,-13,-9,40.4,7,3,1
70,1,70,-13,-8,40.4,8,3,1
71,1,71,-13,-7,40.4,9,3,1
72,1,72,-13,-6,40.4,10,3,1
73,1,73,-13,-5,40.4,11,3,1
74,1,74,-13,-4,40.4,12,3,1
75,1,75,-13,-3,40.4,13,3,1
76,1,76,-13,-2,40.4,14,3,1
77,1,77,-13,-1,40.4,15,3,1
78,1,78,-13,0,40.4,16,3,1
79,1,79,-13,1,40.4,17,3,1
80,1,80,-13,2,40.4,18,3,1
81,1,81,-13,3,40.4,19,3,1
82,1,82,-13,4,40.4,20,3,1
83,1,83,-13,5,40.4,21,3,1
84,1,84,-13,6,40.4,22,3,1
85,1,85,-13,7,40.4,23,3,1
86,1,86,-13,8,40.4,24,3,1
87,1,87,-13,9,40.4,25,3,1
88,1,88,-13,10,40.4,26,3,1
89,1,89,-13,11,40.4,27,3,1
90,1,90,-13,12,40.4,28,3,1
91,1,91,-13,13,40.4,29,3,1
92,1,92,-13,14,40.4,30,3,1
93,1,93,-13,15,40.4,31,3,1
94,1,94,-12,-15,40.4,1,4,1
95,1,95,-12,-14,40.4,2,4,1
96,1,96,-12,-13,40.4,3,4,1
97,1,97,-12,-12,40.4,4,4,1
98,1,98,-12,-11,40.4,5,4,1
99,1,99,-12,-10,40.4,6,4,1
100,1,100,-12,-9,40.4,7,4,1
101,1,101,-12,-8,40.4,8,4,1
102,1,102,-12,-7,40.4,9,4,1
103,1,103,-12,-6,40.4,10,4,1
104,1,104,-12,-5,40.4,11,4,1
105,1,105,-12,-4,40.4,12,4,1
106,1,106,-12,-3,40.4,13,4,1
107,1,107,-12,-2,40.4,14,4,1
108,1,108,-12,-1,40.4,15,4,1
109,1,109,-12,0,40.4,16,4,1
110,1,110,-12,1,40.4,17,4,1
111,1,111,-12,2,40.4,18,4,1
112,1,112,-12,3,40.4,19,4,1
113,1,113,-12,4,40.4,20,4,1
114,1,114,-12,5,40.4,21,4,1
115,1,115,-12,6,40.4,22,4,1
116,1,116,-12,7,40.4,23,4,1
117,1,117,-12,8,40.4,24,4,1
118,1,118,-12,9,40.4,25,4,1
119,1,119,-12,10,40.4,26,4,1
120,1,120,-12,11,40.4,27,4,1
121,1,121,-12,12,40.4,28,4,1
122,1,122,-12,13,40.4,29,4,1
123,1,123,-12,14,40.4,30,4,1
124,1,124,-12,15,40.4,31,4,1
125,1,125,-11,-15,40.4,1,5,1
126,1,126,-11,-14,40.4,2,5,1
127,1,127,-11,-13,40.4,3,5,1
128,1,128,-11,-12,40.4,4,5,1
129,1,129,-11,-11,40.4,5,5,1
130,1,130,-11,-10,40.4,6,5,1
131,1,131,-11,-9,40.4,7,5,1
132,1,132,-11,-8,40.4,8,5,1
133,1,133,-11,-7,40.4,9,5,1
134,1,134,-11,-6,40.4,10,5,1
135,1,135,-11,-5,40.4,11,5,1
136,1,136,-11,-4,40.4,12,5,1
137,1,137,-11,-3,40.4,13,5,1
138,1,138,-11,-2,40.4,14,5,1
139,1,139,-11,-1,40.4,15,5,1
140,1,140,-11,0,40.4,16,5,1
141,1,141,-11,1,40.4,17,5,1
142,1,142,-11,2,40.4,18,5,1
143,1,143,-11,3,40.4,19,5,1
144,1,144,-11,4,40.4,20,5,1
145,1,145,-11,5,40.4,21,5,1
146,1,146,-11,6,40.4,22,5,1
147,1,147,-11,7,40.4,23,5,1
148,1,148,-11,8,40.4,24,5,1
149,1,149,-11,9,40.4,25,5,1
150,1,150,-11,10,40.4,26,5,1
151,1,151,-11,11,40.4,27,5,1
152,1,152,-11,12,40.4,28,5,1
153,1,153,-11,13,40.4,29,5,1
154,1,154,-11,14,40.4,30,5,1
155,1,155,-11,15,40.4,31,5,1
156,1,156,-10,-15,40.4,1,6,1
157,1,157,-10,-14,40.4,2,6,1
158,1,158,-10,-13,40.4,3,6,1
159,1,159,-10,-12,40.4,4,6,1
160,1,160,-10,-11,40.4,5,6,1
161,1,161,-10,-10,40.4,6,6,1
162,1,162,-10,-9,40.4,7,6,1
163,1,163,-10,-8,40.4,8,6,1
164,1,164,-10,-7,40.4,9,6,1
165,1,165,-10,-6,40.4,10,6,1
166,1,166,-10,-5,40.4,11,6,1
167,1,167,-10,-4,40.4,12,6,1
168,1,168,-10,-3,40.4,13,6,1
169,1,169,-10,-2,40.4,14,6,1
170,1,170,-10,-1,40.4,15,6,1
171,1,171,-10,0,40.4,16,6,1
172,1,172,-10,1,40.4,17,6,1
173,1,173,-10,2,40.4,18,6,1
174,1,174,-10,3,40.4,19,6,1
175,1,175,-10,4,40.4,20,6,1
176,1,176,-10,5,40.4,21,6,1
177,1,177,-10,6,40.4,22,6,1
178,1,178,-10,7,40.4,23,6,1
179,1,179,-10,8,40.4,24,6,1
180,1,180,-10,9,40.4,25,6,1
181,1,181,-10,10,40.4,26,6,1
182,1,182,-10,11,40.4,27,6,1
183,1,183,-10,12,40.4,28,6,1
184,1,184,-10,13,40.4,29,6,1
185,1,185,-10,14,40.4,30,6,1
186,1,186,-10,15,40.4,31,6,1
187,1,187,-9,-15,40.4,1,7,1
188,1,188,-9,-14,40.4,2,7,1
189,1,189,-9,-13,40.4,3,7,1
190,1,190,-9,-12,40.4,4,7,1
191,1,191,-9,-11,40.4,5,7,1
192,1,192,-9,-10,40.4,6,7,1
193,1,193,-9,-9,40.4,7,7,1
194,1,194,-9,-8,40.4,8,7,1
195,1,195,-9,-7,40.4,9,7,1
196,1,196,-9,-6,40.4,10,7,1
197,1,197,-9,-5,40.4,11,7,1
198,1,198,-9,-4,40.4,12,7,1
199,1,199,-9,-3,40.4,13,7,1
200,1,200,-9,-2,40.4,14,7,1
201,1,201,-9,-1,40.4,15,7,1
202,1,202,-9,0,40.4,16,7,1
203,1,203,-9,1,40.4,17,7,1
204,1,204,-9,2,40.4,18,7,1
205,1,205,-9,3,40.4,19,7,1
206,1,206,-9,4,40.4,20,7,1
207,1,207,-9,5,40.4,21,7,1
208,1,208,-9,6,40.4,22,7,1
209,1,209,-9,7,40.4,23,7,1
210,1,210,-9,8,40.4,24,7,1
211,1,211,-9,9,40.4,25,7,1
212,1,212,-9,10,40.4,26,7,1
213,1,213,-9,11,40.4,27,7,1
214,1,214,-9,12,40.4,28,7,1
215,1,215,-9,13,40.4,29,7,1
216,1,216,-9,14,40.4,30,7,1
217,1,217,-9,15,40.4,31,7,1
218,1,218,-8,-15,40.4,1,8,1
219,1,219,-8,-14,40.4,2,8,1
220,1,220,-8,-13,40.4,3,8,1
221,1,221,-8,-12,40.4,4,8,1
222,1,222,-8,-11,40.4,5,8,1
223,1,223,-8,-10,40.4,6,8,1
224,1,224,-8,-9,40.4,7,8,1
225,1,225,-8,-8,40.4,8,8,1
226,1,226,-8,-7,40.4,9,8,1
227,1,227,-8,-6,40.4,10,8,1
228,1,228,-8,-5,40.4,11,8,1
229,1,229,-8,-4,40.4,12,8,1
230,1,230,-8,-3,40.4,13,8,1
231,1,231,-8,-2,40.4,14,8,1
232,1,232,-8,-1,40.4,15,8,1
233,1,233,-8,0,40.4,16,8,1
234,1,234,-8,1,40.4,17,8,1
235,1,235,-8,2,40.4,18,8,1
236,1,236,-8,3,40.4,19,8,1
237,1,237,-8,4,40.4,20,8,1
238,1,238,-8,5,40.4,21,8,1
239,1,239,-8,6,40.4,22,8,1
240,1,240,-8,7,40.4,23,8,1
241,1,241,-8,8,40.4,24,8,1
242,1,242,-8,9,40.4,25,8,1
243,1,243,-8,10,40.4,26,8,1
244,1,244,-8,11,40.4,27,8,1
245,1,245,-8,12,40.4,28,8,1
246,1,246,-8,13,40.4,29,8,1
247,1,247,-8,14,40.4,30,8,1
248,1,248,-8,15,40.4,31,8,1
249,1,249,-7,-15,40.4,1,9,1
250,1,250,-7,-14,40.4,2,9,1
251,1,251,-7,-13,40.4,3,9,1
252,1,252,-7,-12,40.4,4,9,1
253,1,253,-7,-11,40.4,5,9,1
254,1,254,-7,-10,40.4,6,9,1
255,1,255,-7,-9,40.4,7,9,1
256,1,256,-7,-8,40.4,8,9,1
257,1,257,-7,-7,40.4,9,9,1
258,1,258,-7,-6,40.4,10,9,1
259,1,259,-7,-5,40.4,11,9,1
260,1,260,-7,-4,40.4,12,9,1
261,1,261,-7,-3,40.4,13,9,1
262,1,262,-7,-2,40.4,14,9,1
263,1,263,-7,-1,40.4,15,9,1
264,1,264,-7,0,40.4,16,9,1
265,1,265,-7,1,40.4,17,9,1
266,1,266,-7,2,40.4,18,9,1
267,1,267,-7,3,40.4,19,9,1
268,1,268,-7,4,40.4,20,9,1
269,1,269,-7,5,40.4,21,9,1
270,1,270,-7,6,40.4,22,9,1
271,1,271,-7,7,40.4,23,9,1
272,1,272,-7,8,40.4,24,9,1
273,1,273,-7,9,40.4,25,9,1
274,1,274,-7,10,40.4,26,9,1
275,1,275,-7,11,40.4,27,9,1
276,1,276,-7,12,40.4,28,9,1
277,1,277,-7,13,40.4,29,9,1
278,1,278,-7,14,40.4,30,9,1
279,1,279,-7,15,40.4,31,9,1
280,1,280,-6,-15,40.4,1,10,1
281,1,281,-6,-14,40.4,2,10,1
282,1,282,-6,-13,40.4,3,10,1
283,1,283,-6,-12,40.4,4,10,1
284,1,284,-6,-11,40.4,5,10,1
285,1,285,-6,-10,40.4,6,10,1
286,1,286,-6,-9,40.4,7,10,1
287,1,287,-6,-8,40.4,8,10,1
288,1,288,-6,-7,40.4,9,10,1
289,1,289,-6,-6,40.4,10,10,1
290,1,290,-6,-5,40.4,11,10,1
291,1,291,-6,-4,40.4,12,10,1
292,1,292,-6,-3,40.4,13,10,1
293,1,293,-6,-2,40.4,14,10,1
294,1,294,-6,-1,40.4,15,10,1
295,1,295,-6,0,40.4,16,10,1
296,1,296,-6,1,40.4,17,10,1
297,1,297,-6,2,40.4,18,10,1
298,1,298,-6,3,40.4,19,10,1
299,1,299,-6,4,40.4,20,10,1
300,1,300,-6,5,40.4,21,10,1
301,1,301,-6,6,40.4,22,10,1
302,1,302,-6,7,40.4,23,10,1
303,1,303,-6,8,40.4,24,10,1
304,1,304,-6,9,40.4,25,10,1
305,1,305,-6,10,40.4,26,10,1
306,1,306,-6,11,40.4,27,10,1
307,1,307,-6,12,40.4,28,10,1
308,1,308,-6,13,40.4,29,10,1
309,1,309,-6,14,40.4,30,10,1
310,1,310,-6,15,40.4,31,10,1
311,1,311,-5,-15,40.4,1,11,1
312,1,312,-5,-14,40.4,2,11,1
313,1,313,-5,-13,40.4,3,11,1
314,1,314,-5,-12,40.4,4,11,1
315,1,315,-5,-11,40.4,5,11,1
316,1,316,-5,-10,40.4,6,11,1
317,1,317,-5,-9,40.4,7,11,1
318,1,318,-5,-8,40.4,8,11,1
319,1,319,-5,-7,40.4,9,11,1
320,1,320,-5,-6,40.4,10,11,1
321,1,321,-5,-5,40.4,11,11,1
322,1,322,-5,-4,40.4,12,11,1
323,1,323,-5,-3,40.4,13,11,1
324,1,324,-5,-2,40.4,14,11,1
325,1,325,-5,-1,40.4,15,11,1
326,1,326,-5,0,40.4,16,11,1
327,1,327,-5,1,40.4,17,11,1
328,1,328,-5,2,40.4,18,11,1
329,1,329,-5,3,40.4,19,11,1
330,1,330,-5,4,40.4,20,11,1
331,1,331,-5,5,40.4,21,11,1
332,1,332,-5,6,40.4,22,11,1
333,1,333,-5,7,40.4,23,11,1
334,1,334,-5,8,40.4,24,11,1
335,1,335,-5,9,40.4,25,11,1
336,1,336,-5,10,40.4,26,11,1
337,1,337,-5,11,40.4,27,11,1
338,1,338,-5,12,40.4,28,11,1
339,1,339,-5,13,40.4,29,11,1
340,1,340,-5,14,40.4,30,11,1
341,1,341,-5,15,40.4,31,11,1
342,1,342,-4,-15,40.4,1,12,1
343,1,343,-4,-14,40.4,2,12,1
344,1,344,-4,-13,40.4,3,12,1
345,1,345,-4,-12,40.4,4,12,1
346,1,346,-4,-11,40.4,5,12,1
347,1,347,-4,-10,40.4,6,12,1
348,1,348,-4,-9,40.4,7,12,1
349,1,349,-4,-8,40.4,8,12,1
350,1,350,-4,-7,40.4,9,12,1
351,1,351,-4,-6,40.4,10,12,1
352,1,352,-4,-5,40.4,11,12,1
353,1,353,-4,-4,40.4,12,12,1
354,1,354,-4,-3,40.4,13,12,1
355,1,355,-4,-2,40.4,14,12,1
356,1,356,-4,-1,40.4,15,12,1
357,1,357,-4,0,40.4,16,12,1
358,1,358,-4,1,40.4,17,12,1
359,1,359,-4,2,40.4,18,12,1
360,1,360,-4,3,40.4,19,12,1
361,1,361,-4,4,40.4,20,12,1
362,1,362,-4,5,40.4,21,12,1
363,1,363,-4,6,40.4,22,12,1
364,1,364,-4,7,40.4,23,12,1
365,1,365,-4,8,40.4,24,12,1
366,1,366,-4,9,40.4,25,12,1
367,1,367,-4,10,40.4,26,12,1
368,1,368,-4,11,40.4,27,12,1
369,1,369,-4,12,40.4,28,12,1
370,1,370,-4,13,40.4,29,12,1
371,1,371,-4,14,40.4,30,12,1
372,1,372,-4,15,40.4,31,12,1
373,1,373,-3,-15,40.4,1,13,1
374,1,374,-3,-14,40.4,2,13,1
375,1,375,-3,-13,40.4,3,13,1
376,1,376,-3,-12,40.4,4,13,1
377,1,377,-3,-11,40.4,5,13,1
378,1,378,-3,-10,40.4,6,13,1
379,1,379,-3,-9,40.4,7,13,1
380,1,380,-3,-8,40.4,8,13,1
381,1,381,-3,-7,40.4,9,13,1
382,1,382,-3,-6,40.4,10,13,1
383,1,383,-3,-5,40.4,11,13,1
384,1,384,-3,-4,40.4,12,13,1
385,1,385,-3,-3,40.4,13,13,1
386,1,386,-3,-2,40.4,14,13,1
387,1,387,-3,-1,40.4,15,13,1
388,1,388,-3,0,40.4,16,13,1
389,1,389,-3,1,40.4,17,13,1
390,1,390,-3,2,40.4,18,13,1
391,1,391,-3,3,40.4,19,13,1
392,1,392,-3,4,40.4,20,13,1
393,1,393,-3,5,40.4,21,13,1
394,1,394,-3,6,40.4,22,13,1
395,1,395,-3,7,40.4,23,13,1
396,1,396,-3,8,40.4,24,13,1
397,1,397,-3,9,40.4,25,13,1
398,1,398,-3,10,40.4,26,13,1
399,1,399,-3,11,40.4,27,13,1
400,1,400,-3,12,40.4,28,13,1
401,1,401,-3,13,40.4,29,13,1
402,1,402,-3,14,40.4,30,13,1
403,1,403,-3,15,40.4,31,13,1
404,1,404,-2,-15,40.4,1,14,1
405,1,405,-2,-14,40.4,2,14,1
406,1,406,-2,-13,40.4,3,14,1
407,1,407,-2,-12,40.4,4,14,1
408,1,408,-2,-11,40.4,5,14,1
409,1,409,-2,-10,40.4,6,14,1
410,1,410,-2,-9,40.4,7,14,1
411,1,411,-2,-8,40.4,8,14,1
412,1,412,-2,-7,40.4,9,14,1
413,1,413,-2,-6,40.4,10,14,1
414,1,414,-2,-5,40.4,11,14,1
415,1,415,-2,-4,40.4,12,14,1
416,1,416,-2,-3,40.4,13,14,1
417,1,417,-2,-2,40.4,14,14,1
418,1,418,-2,-1,40.4,15,14,1
419,1,419,-2,0,40.4,16,14,1
420,1,420,-2,1,40.4,17,14,1
421,1,421,-2,2,40.4,18,14,1
422,1,422,-2,3,40.4,19,14,1
423,1,423,-2,4,40.4,20,14,1
424,1,424,-2,5,40.4,21,14,1
425,1,425,-2,6,40.4,22,14,1
426,1,426,-2,7,40.4,23,14,1
427,1,427,-2,8,40.4,24,14,1
428,1,428,-2,9,40.4,25,14,1
429,1,429,-2,10,40.4,26,14,1
430,1,430,-2,11,40.4,27,14,1
431,1,431,-2,12,40.4,28,14,1
432,1,432,-2,13,40.4,29,14,1
433,1,433,-2,14,40.4,30,14,1
434,1,434,-2,15,40.4,31,14,1
435,1,435,-1,-15,40.4,1,15,1
436,1,436,-1,-14,40.4,2,15,1
437,1,437,-1,-13,40.4,3,15,1
438,1,438,-1,-12,40.4,4,15,1
439,1,439,-1,-11,40.4,5,15,1
440,1,440,-1,-10,40.4,6,15,1
441,1,441,-1,-9,40.4,7,15,1
442,1,442,-1,-8,40.4,8,15,1
443,1,443,-1,-7,40.4,9,15,1
444,1,444,-1,-6,40.4,10,15,1
445,1,445,-1,-5,40.4,11,15,1
446,1,446,-1,-4,40.4,12,15,1
447,1,447,-1,-3,40.4,13,15,1
448,1,448,-1,-2,40.4,14,15,1
449,1,449,-1,-1,40.4,15,15,1
450,1,450,-1,0,40.4,16,15,1
451,1,451,-1,1,40.4,17,15,1
452,1,452,-1,2,40.4,18,15,1
453,1,453,-1,3,40.4,19,15,1
454,1,454,-1,4,40.4,20,15,1
455,1,455,-1,5,40.4,21,15,1
456,1,456,-1,6,40.4,22,15,1
457,1,457,-1,7,40.4,23,15,1
458,1,458,-1,8,40.4,24,15,1
459,1,459,-1,9,40.4,25,15,1
460,1,460,-1,10,40.4,26,15,1
461,1,461,-1,11,40.4,27,15,1
462,1,462,-1,12,40.4,28,15,1
463,1,463,-1,13,40.4,29,15,1
464,1,464,-1,14,40.4,30,15,1
465,1,465,-1,15,40.4,31,15,1
466,1,466,0,-15,40.4,1,16,1
467,1,467,0,-14,40.4,2,16,1
468,1,468,0,-13,40.4,3,16,1
469,1,469,0,-12,40.4,4,16,1
470,1,470,0,-11,40.4,5,16,1
471,1,471,0,-10,40.4,6,16,1
472,1,472,0,-9,40.4,7,16,1
473,1,473,0,-8,40.4,8,16,1
474,1,474,0,-7,40.4,9,16,1
475,1,475,0,-6,40.4,10,16,1
476,1,476,0,-5,40.4,11,16,1
477,1,477,0,-4,40.4,12,16,1
478,1,478,0,-3,40.4,13,16,1
479,1,479,0,-2,40.4,14,16,1
480,1,480,0,-1,40.4,15,16,1
481,1,481,0,0,40.4,16,16,1
482,1,482,0,1,40.4,17,16,1
483,1,483,0,2,40.4,18,16,1
484,1,484,0,3,40.4,19,16,1
485,1,485,0,4,40.4,20,16,1
486,1,486,0,5,40.4,21,16,1
487,1,487,0,6,40.4,22,16,1
488,1,488,0,7,40.4,23,16,1
489,1,489,0,8,40.4,24,16,1
490,1,490,0,9,40.4,25,16,1
491,1,491,0,10,40.4,26,16,1
492,1,492,0,11,40.4,27,16,1
493,1,493,0,12,40.4,28,16,1
494,1,494,0,13,40.4,29,16,1
495,1,495,0,14,40.4,30,16,1
496,1,496,0,15,40.4,31,16,1
497,1,497,1,-15,40.4,1,17,1
498,1,498,1,-14,40.4,2,17,1
499,1,499,1,-13,40.4,3,17,1
500,1,500,1,-12,40.4,4,17,1
501,1,501,1,-11,40.4,5,17,1
502,1,502,1,-10,40.4,6,17,1
503,1,503,1,-9,40.4,7,17,1
504,1,504,1,-8,40.4,8,17,1
505,1,505,1,-7,40.4,9,17,1
506,1,506,1,-6,40.4,10,17,1
507,1,507,1,-5,40.4,11,17,1
508,1,508,1,-4,40.4,12,17,1
509,1,509,1,-3,40.4,13,17,1
510,1,510,1,-2,40.4,14,17,1
511,1,511,1,-1,40.4,15,17,1
512,1,512,1,0,40.4,16,17,1
513,1,513,1,1,40.4,17,17,1
514,1,514,1,2,40.4,18,17,1
515,1,515,1,3,40.4,19,17,1
516,1,516,1,4,40.4,20,17,1
517,1,517,1,5,40.4,21,17,1
518,1,518,1,6,40.4,22,17,1
519,1,519,1,7,40.4,23,17,1
520,1,520,1,8,40.4,24,17,1
521,1,521,1,9,40.4,25,17,1
522,1,522,1,10,40.4,26,17,1
523,1,523,1,11,40.4,27,17,1
524,1,524,1,12,40.4,28,17,1
525,1,525,1,13,40.4,29,17,1
526,1,526,1,14,40.4,30,17,1
527,1,527,1,15,40.4,31,17,1
528,1,528,2,-15,40.4,1,18,1
529,1,529,2,-14,40.4,2,18,1
530,1,530,2,-13,40.4,3,18,1
531,1,531,2,-12,40.4,4,18,1
532,1,532,2,-11,40.4,5,18,1
533,1,533,2,-10,40.4,6,18,1
534,1,534,2,-9,40.4,7,18,1
535,1,535,2,-8,40.4,8,18,1
536,1,536,2,-7,40.4,9,18,1
537,1,537,2,-6,40.4,10,18,1
538,1,538,2,-5,40.4,11,18,1
539,1,539,2,-4,40.4,12,18,1
540,1,540,2,-3,40.4,13,18,1
541,1,541,2,-2,40.4,14,18,1
542,1,542,2,-1,40.4,15,18,1
543,1,543,2,0,40.4,16,18,1
544,1,544,2,1,40.4,17,18,1
545,1,545,2,2,40.4,18,18,1
546,1,546,2,3,40.4,19,18,1
547,1,547,2,4,40.4,20,18,1
548,1,548,2,5,40.4,21,18,1
549,1,549,2,6,40.4,22,18,1
550,1,550,2,7,40.4,23,18,1
551,1,551,2,8,40.4,24,18,1
552,1,552,2,9,40.4,25,18,1
553,1,553,2,10,40.4,26,18,1
554,1,554,2,11,40.4,27,18,1
555,1,555,2,12,40.4,28,18,1
556,1,556,2,13,40.4,29,18,1
557,1,557,2,14,40.4,30,18,1
558,1,558,2,15,40.4,31,18,1
559,1,559,3,-15,40.4,1,19,1
560,1,560,3,-14,40.4,2,19,1
561,1,561,3,-13,40.4,3,19,1
562,1,562,3,-12,40.4,4,19,1
563,1,563,3,-11,40.4,5,19,1
564,1,564,3,-10,40.4,6,19,1
565,1,565,3,-9,40.4,7,19,1
566,1,566,3,-8,40.4,8,19,1
567,1,567,3,-7,40.4,9,19,1
568,1,568,3,-6,40.4,10,19,1
569,1,569,3,-5,40.4,11,19,1
570,1,570,3,-4,40.4,12,19,1
571,1,571,3,-3,40.4,13,19,1
572,1,572,3,-2,40.4,14,19,1
573,1,573,3,-1,40.4,15,19,1
574,1,574,3,0,40.4,16,19,1
575,1,575,3,1,40.4,17,19,1
576,1,576,3,2,40.4,18,19,1
577,1,577,3,3,40.4,19,19,1
578,1,578,3,4,40.4,20,19,1
579,1,579,3,5,40.4,21,19,1
580,1,580,3,6,40.4,22,19,1
581,1,581,3,7,40.4,23,19,1
582,1,582,3,8,40.4,24,19,1
583,1,583,3,9,40.4,25,19,1
584,1,584,3,10,40.4,26,19,1
585,1,585,3,11,40.4,27,19,1
586,1,586,3,12,40.4,28,19,1
587,1,587,3,13,40.4,29,19,1
588,1,588,3,14,40.4,30,19,1
589,1,589,3,15,40.4,31,19,1
590,1,590,4,-15,40.4,1,20,1
591,1,591,4,-14,40.4,2,20,1
592,1,592,4,-13,40.4,3,20,1
593,1,593,4,-12,40.4,4,20,1
594,1,594,4,-11,40.4,5,20,1
595,1,595,4,-10,40.4,6,20,1
596,1,596,4,-9,40.4,7,20,1
597,1,597,4,-8,40.4,8,20,1
598,1,598,4,-7,40.4,9,20,1
599,1,599,4,-6,40.4,10,20,1
600,1,600,4,-5,40.4,11,20,1
601,1,601,4,-4,40.4,12,20,1
602,1,602,4,-3,40.4,13,20,1
603,1,603,4,-2,40.4,14,20,1
604,1,604,4,-1,40.4,15,20,1
605,1,605,4,0,40.4,16,20,1
606,1,606,4,1,40.4,17,20,1
607,1,607,4,2,40.4,18,20,1
608,1,608,4,3,40.4,19,20,1
609,1,609,4,4,40.4,20,20,1
610,1,610,4,5,40.4,21,20,1
611,1,611,4,6,40.4,22,20,1
612,1,612,4,7,40.4,23,20,1
613,1,613,4,8,40.4,24,20,1
614,1,614,4,9,40.4,25,20,1
615,1,615,4,10,40.4,26,20,1
616,1,616,4,11,40.4,27,20,1
617,1,617,4,12,40.4,28,20,1
618,1,618,4,13,40.4,29,20,1
619,1,619,4,14,40.4,30,20,1
620,1,620,4,15,40.4,31,20,1
621,1,621,5,-15,40.4,1,21,1
622,1,622,5,-14,40.4,2,21,1
623,1,623,5,-13,40.4,3,21,1
624,1,624,5,-12,40.4,4,21,1
625,1,625,5,-11,40.4,5,21,1
626,1,626,5,-10,40.4,6,21,1
627,1,627,5,-9,40.4,7,21,1
628,1,628,5,-8,40.4,8,21,1
629,1,629,5,-7,40.4,9,21,1
630,1,630,5,-6,40.4,10,21,1
631,1,631,5,-5,40.4,11,21,1
632,1,632,5,-4,40.4,12,21,1
633,1,633,5,-3,40.4,13,21,1
634,1,634,5,-2,40.4,14,21,1
635,1,635,5,-1,40.4,15,21,1
636,1,636,5,0,40.4,16,21,1
637,1,637,5,1,40.4,17,21,1
638,1,638,5,2,40.4,18,21,1
639,1,639,5,3,40.4,19,21,1
640,1,640,5,4,40.4,20,21,1
641,1,641,5,5,40.4,21,21,1
642,1,642,5,6,40.4,22,21,1
643,1,643,5,7,40.4,23,21,1
644,1,644,5,8,40.4,24,21,1
645,1,645,5,9,40.4,25,21,1
646,1,646,5,10,40.4,26,21,1
647,1,647,5,11,40.4,27,21,1
648,1,648,5,12,40.4,28,21,1
649,1,649,5,13,40.4,29,21,1
650,1,650,5,14,40.4,30,21,1
651,1,651,5,15,40.4,31,21,1
652,1,652,6,-15,40.4,1,22,1
653,1,653,6,-14,40.4,2,22,1
654,1,654,6,-13,40.4,3,22,1
655,1,655,6,-12,40.4,4,22,1
656,1,656,6,-11,40.4,5,22,1
657,1,657,6,-10,40.4,6,22,1
658,1,658,6,-9,40.4,7,22,1
659,1,659,6,-8,40.4,8,22,1
660,1,660,6,-7,40.4,9,22,1
661,1,661,6,-6,40.4,10,22,1
662,1,662,6,-5,40.4,11,22,1
663,1,663,6,-4,40.4,12,22,1
664,1,664,6,-3,40.4,13,22,1
665,1,665,6,-2,40.4,14,22,1
666,1,666,6,-1,40.4,15,22,1
667,1,667,6,0,40.4,16,22,1
668,1,668,6,1,40.4,17,22,1
669,1,669,6,2,40.4,18,22,1
670,1,670,6,3,40.4,19,22,1
671,1,671,6,4,40.4,20,22,1
672,1,672,6,5,40.4,21,22,1
673,1,673,6,6,40.4,22,22,1
674,1,674,6,7,40.4,23,22,1
675,1,675,6,8,40.4,24,22,1
676,1,676,6,9,40.4,25,22,1
677,1,677,6,10,40.4,26,22,1
678,1,678,6,11,40.4,27,22,1
679,1,679,6,12,40.4,28,22,1
680,1,680,6,13,40.4,29,22,1
681,1,681,6,14,40.4,30,22,1
682,1,682,6,15,40.4,31,22,1
683,1,683,7,-15,40.4,1,23,1
684,1,684,7,-14,40.4,2,23,1
685,1,685,7,-13,40.4,3,23,1
686,1,686,7,-12,40.4,4,23,1
687,1,687,7,-11,40.4,5,23,1
688,1,688,7,-10,40.4,6,23,1
689,1,689,7,-9,40.4,7,23,1
690,1,690,7,-8,40.4,8,23,1
691,1,691,7,-7,40.4,9,23,1
692,1,692,7,-6,40.4,10,23,1
693,1,693,7,-5,40.4,11,23,1
694,1,694,7,-4,40.4,12,23,1
695,1,695,7,-3,40.4,13,23,1
696,1,696,7,-2,40.4,14,23,1
697,1,697,7,-1,40.4,15,23,1
698,1,698,7,0,40.4,16,23,1
699,1,699,7,1,40.4,17,23,1
700,1,700,7,2,40.4,18,23,1
701,1,701,7,3,40.4,19,23,1
702,1,702,7,4,40.4,20,23,1
703,1,703,7,5,40.4,21,23,1
704,1,704,7,6,40.4,22,23,1
705,1,705,7,7,40.4,23,23,1
706,1,706,7,8,40.4,24,23,1
707,1,707,7,9,40.4,25,23,1
708,1,708,7,10,40.4,26,23,1
709,1,709,7,11,40.4,27,23,1
710,1,710,7,12,40.4,28,23,1
711,1,711,7,13,40.4,29,23,1
712,1,712,7,14,40.4,30,23,1
713,1,713,7,15,40.4,31,23,1
714,1,714,8,-15,40.4,1,24,1
715,1,715,8,-14,40.4,2,24,1
716,1,716,8,-13,40.4,3,24,1
717,1,717,8,-12,40.4,4,24,1
718,1,718,8,-11,40.4,5,24,1
719,1,719,8,-10,40.4,6,24,1
720,1,720,8,-9,40.4,7,24,1
721,1,721,8,-8,40.4,8,24,1
722,1,722,8,-7,40.4,9,24,1
723,1,723,8,-6,40.4,10,24,1
724,1,724,8,-5,40.4,11,24,1
725,1,725,8,-4,40.4,12,24,1
726,1,726,8,-3,40.4,13,24,1
727,1,727,8,-2,40.4,14,24,1
728,1,728,8,-1,40.4,15,24,1
729,1,729,8,0,40.4,16,24,1
730,1,730,8,1,40.4,17,24,1
731,1,731,8,2,40.4,18,24,1
732,1,732,8,3,40.4,19,24,1
733,1,733,8,4,40.4,20,24,1
734,1,734,8,5,40.4,21,24,1
735,1,735,8,6,40.4,22,24,1
736,1,736,8,7,40.4,23,24,1
737,1,737,8,8,40.4,24,24,1
738,1,738,8,9,40.4,25,24,1
739,1,739,8,10,40.4,26,24,1
740,1,740,8,11,40.4,27,24,1
741,1,741,8,12,40.4,28,24,1
742,1,742,8,13,40.4,29,24,1
743,1,743,8,14,40.4,30,24,1
744,1,744,8,15,40.4,31,24,1
745,1,745,9,-15,40.4,1,25,1
746,1,746,9,-14,40.4,2,25,1
747,1,747,9,-13,40.4,3,25,1
748,1,748,9,-12,40.4,4,25,1
749,1,749,9,-11,40.4,5,25,1
750,1,750,9,-10,40.4,6,25,1
751,1,751,9,-9,40.4,7,25,1
752,1,752,9,-8,40.4,8,25,1
753,1,753,9,-7,40.4,9,25,1
754,1,754,9,-6,40.4,10,25,1
755,1,755,9,-5,40.4,11,25,1
756,1,756,9,-4,40.4,12,25,1
757,1,757,9,-3,40.4,13,25,1
758,1,758,9,-2,40.4,14,25,1
759,1,759,9,-1,40.4,15,25,1
760,1,760,9,0,40.4,16,25,1
761,1,761,9,1,40.4,17,25,1
762,1,762,9,2,40.4,18,25,1
763,1,763,9,3,40.4,19,25,1
764,1,764,9,4,40.4,20,25,1
765,1,765,9,5,40.4,21,25,1
766,1,766,9,6,40.4,22,25,1
767,1,767,9,7,40.4,23,25,1
768,1,768,9,8,40.4,24,25,1
769,1,769,9,9,40.4,25,25,1
770,1,770,9,10,40.4,26,25,1
771,1,771,9,11,40.4,27,25,1
772,1,772,9,12,40.4,28,25,1
773,1,773,9,13,40.4,29,25,1
774,1,774,9,14,40.4,30,25,1
775,1,775,9,15,40.4,31,25,1
776,1,776,10,-15,40.4,1,26,1
777,1,777,10,-14,40.4,2,26,1
778,1,778,10,-13,40.4,3,26,1
779,1,779,10,-12,40.4,4,26,1
780,1,780,10,-11,40.4,5,26,1
781,1,781,10,-10,40.4,6,26,1
782,1,782,10,-9,40.4,7,26,1
783,1,783,10,-8,40.4,8,26,1
784,1,784,10,-7,40.4,9,26,1
785,1,785,10,-6,40.4,10,26,1
786,1,786,10,-5,40.4,11,26,1
787,1,787,10,-4,40.4,12,26,1
788,1,788,10,-3,40.4,13,26,1
789,1,789,10,-2,40.4,14,26,1
790,1,790,10,-1,40.4,15,26,1
791,1,791,10,0,40.4,16,26,1
792,1,792,10,1,40.4,17,26,1
793,1,793,10,2,40.4,18,26,1
794,1,794,10,3,40.4,19,26,1
795,1,795,10,4,40.4,20,26,1
796,1,796,10,5,40.4,21,26,1
797,1,797,10,6,40.4,22,26,1
798,1,798,10,7,40.4,23,26,1
799,1,799,10,8,40.4,24,26,1
800,1,800,10,9,40.4,25,26,1
801,1,801,10,10,40.4,26,26,1
802,1,802,10,11,40.4,27,26,1
803,1,803,10,12,40.4,28,26,1
804,1,804,10,13,40.4,29,26,1
805,1,805,10,14,40.4,30,26,1
806,1,806,10,15,40.4,31,26,1
807,1,807,11,-15,40.4,1,27,1
808,1,808,11,-14,40.4,2,27,1
809,1,809,11,-13,40.4,3,27,1
810,1,810,11,-12,40.4,4,27,1
811,1,811,11,-11,40.4,5,27,1
812,1,812,11,-10,40.4,6,27,1
813,1,813,11,-9,40.4,7,27,1
814,1,814,11,-8,40.4,8,27,1
815,1,815,11,-7,40.4,9,27,1
816,1,816,11,-6,40.4,10,27,1
817,1,817,11,-5,40.4,11,27,1
818,1,818,11,-4,40.4,12,27,1
819,1,819,11,-3,40.4,13,27,1
820,1,820,11,-2,40.4,14,27,1
821,1,821,11,-1,40.4,15,27,1
822,1,822,11,0,40.4,16,27,1
823,1,823,11,1,40.4,17,27,1
824,1,824,11,2,40.4,18,27,1
825,1,825,11,3,40.4,19,27,1
826,1,826,11,4,40.4,20,27,1
827,1,827,11,5,40.4,21,27,1
828,1,828,11,6,40.4,22,27,1
829,1,829,11,7,40.4,23,27,1
830,1,830,11,8,40.4,24,27,1
831,1,831,11,9,40.4,25,27,1
832,1,832,11,10,40.4,26,27,1
833,1,833,11,11,40.4,27,27,1
834,1,834,11,12,40.4,28,27,1
835,1,835,11,13,40.4,29,27,1
836,1,836,11,14,40.4,30,27,1
837,1,837,11,15,40.4,31,27,1
838,1,838,12,-15,40.4,1,28,1
839,1,839,12,-14,40.4,2,28,1
840,1,840,12,-13,40.4,3,28,1
841,1,841,12,-12,40.4,4,28,1
842,1,842,12,-11,40.4,5,28,1
843,1,843,12,-10,40.4,6,28,1
844,1,844,12,-9,40.4,7,28,1
845,1,845,12,-8,40.4,8,28,1
846,1,846,12,-7,40.4,9,28,1
847,1,847,12,-6,40.4,10,28,1
848,1,848,12,-5,40.4,11,28,1
849,1,849,12,-4,40.4,12,28,1
850,1,850,12,-3,40.4,13,28,1
851,1,851,12,-2,40.4,14,28,1
852,1,852,12,-1,40.4,15,28,1
853,1,853,12,0,40.4,16,28,1
854,1,854,12,1,40.4,17,28,1
855,1,855,12,2,40.4,18,28,1
856,1,856,12,3,40.4,19,28,1
857,1,857,12,4,40.4,20,28,1
858,1,858,12,5,40.4,21,28,1
859,1,859,12,6,40.4,22,28,1
860,1,860,12,7,40.4,23,28,1
861,1,861,12,8,40.4,24,28,1
862,1,862,12,9,40.4,25,28,1
863,1,863,12,10,40.4,26,28,1
864,1,864,12,11,40.4,27,28,1
865,1,865,12,12,40.4,28,28,1
866,1,866,12,13,40.4,29,28,1
867,1,867,12,14,40.4,30,28,1
868,1,868,12,15,40.4,31,28,1
869,1,869,13,-15,40.4,1,29,1
870,1,870,13,-14,40.4,2,29,1
871,1,871,13,-13,40.4,3,29,1
872,1,872,13,-12,40.4,4,29,1
873,1,873,13,-11,40.4,5,29,1
874,1,874,13,-10,40.4,6,29,1
875,1,875,13,-9,40.4,7,29,1
876,1,876,13,-8,40.4,8,29,1
877,1,877,13,-7,40.4,9,29,1
878,1,878,13,-6,40.4,10,29,1
879,1,879,13,-5,40.4,11,29,1
880,1,880,13,-4,40.4,12,29,1
881,1,881,13,-3,40.4,13,29,1
882,1,882,13,-2,40.4,14,29,1
883,1,883,13,-1,40.4,15,29,1
884,1,884,13,0,40.4,16,29,1
885,1,885,13,1,40.4,17,29,1
886,1,886,13,2,40.4,18,29,1
887,1,887,13,3,40.4,19,29,1
888,1,888,13,4,40.4,20,29,1
889,1,889,13,5,40.4,21,29,1
890,1,890,13,6,40.4,22,29,1
891,1,891,13,7,40.4,23,29,1
892,1,892,13,8,40.4,24,29,1
893,1,893,13,9,40.4,25,29,1
894,1,894,13,10,40.4,26,29,1
895,1,895,13,11,40.4,27,29,1
896,1,896,13,12,40.4,28,29,1
897,1,897,13,13,40.4,29,29,1
898,1,898,13,14,40.4,30,29,1
899,1,899,13,15,40.4,31,29,1
900,1,900,14,-15,40.4,1,30,1
901,1,901,14,-14,40.4,2,30,1
902,1,902,14,-13,40.4,3,30,1
903,1,903,14,-12,40.4,4,30,1
904,1,904,14,-11,40.4,5,30,1
905,1,905,14,-10,40.4,6,30,1
906,1,906,14,-9,40.4,7,30,1
907,1,907,14,-8,40.4,8,30,1
908,1,908,14,-7,40.4,9,30,1
909,1,909,14,-6,40.4,10,30,1
910,1,910,14,-5,40.4,11,30,1
911,1,911,14,-4,40.4,12,30,1
912,1,912,14,-3,40.4,13,30,1
913,1,913,14,-2,40.4,14,30,1
914,1,914,14,-1,40.4,15,30,1
915,1,915,14,0,40.4,16,30,1
916,1,916,14,1,40.4,17,30,1
917,1,917,14,2,40.4,18,30,1
918,1,918,14,3,40.4,19,30,1
919,1,919,14,4,40.4,20,30,1
920,1,920,14,5,40.4,21,30,1
921,1,921,14,6,40.4,22,30,1
922,1,922,14,7,40.4,23,30,1
923,1,923,14,8,40.4,24,30,1
924,1,924,14,9,40.4,25,30,1
925,1,925,14,10,40.4,26,30,1
926,1,926,14,11,40.4,27,30,1
927,1,927,14,12,40.4,28,30,1
928,1,928,14,13,40.4,29,30,1
929,1,929,14,14,40.4,30,30,1
930,1,930,14,15,40.4,31,30,1
931,1,931,15,-15,40.4,1,31,1
932,1,932,15,-14,40.4,2,31,1
933,1,933,15,-13,40.4,3,31,1
934,1,934,15,-12,40.4,4,31,1
935,1,935,15,-11,40.4,5,31,1
936,1,936,15,-10,40.4,6,31,1
937,1,937,15,-9,40.4,7,31,1
938,1,938,15,-8,40.4,8,31,1
939,1,939,15,-7,40.4,9,31,1
940,1,940,15,-6,40.4,10,31,1
941,1,941,15,-5,40.4,11,31,1
942,1,942,15,-4,40.4,12,31,1
943,1,943,15,-3,40.4,13,31,1
944,1,944,15,-2,40.4,14,31,1
945,1,945,15,-1,40.4,15,31,1
946,1,946,15,0,40.4,16,31,1
947,1,947,15,1,40.4,17,31,1
948,1,948,15,2,40.4,18,31,1
949,1,949,15,3,40.4,19,31,1
950,1,950,15,4,40.4,20,31,1
951,1,951,15,5,40.4,21,31,1
952,1,952,15,6,40.4,22,31,1
953,1,953,15,7,40.4,23,31,1
954,1,954,15,8,40.4,24,31,1
955,1,955,15,9,40.4,25,31,1
956,1,956,15,10,40.4,26,31,1
957,1,957,15,11,40.4,27,31,1
958,1,958,15,12,40.4,28,31,1
959,1,959,15,13,40.4,29,31,1
960,1,960,15,14,40.4,30,31,1
961,1,961,15,15,40.4,31,31,1
